{"cameraMode":{"drawMode":0,"name":"Shaded","section":"Shading Mode"},"sceneLighting":true,"audioPlay":false,"sceneViewState":{"m_AlwaysRefresh":false,"showFog":true,"showSkybox":true,"showFlares":true,"showImageEffects":true,"showParticleSystems":true,"showVisualEffectGraphs":true,"m_FxEnabled":true},"in2DMode":false,"pivot":{"x":-3.840738296508789,"y":0.02401643991470337,"z":22.953826904296876},"rotation":{"x":-0.12425687909126282,"y":0.3329988420009613,"z":-0.044317565858364108,"w":-0.9336547255516052},"size":1.3406362533569337,"orthographic":false}